{
	"appId": "app.lovable.pixfacilgo",
	"appName": "pix-facil-go",
	"webDir": "dist",
	"server": {
		"url": "https://5e92cf3b-adcd-4800-8728-329f1546c895.lovableproject.com?forceHideBadge=true",
		"cleartext": true
	},
	"plugins": {
		"SplashScreen": {
			"launchShowDuration": 2000,
			"launchAutoHide": true,
			"launchFadeOutDuration": 500,
			"backgroundColor": "#00D924",
			"androidSplashResourceName": "splash",
			"androidScaleType": "CENTER_CROP",
			"showSpinner": false,
			"androidSpinnerStyle": "large",
			"iosSpinnerStyle": "small",
			"spinnerColor": "#ffffff",
			"splashFullScreen": true,
			"splashImmersive": true,
			"layoutName": "launch_screen",
			"useDialog": true
		}
	}
}
